ID,Gene,Proteome cluster,PSIP1
Exp079148,PSIP1,BRCA-rich,25.10037144
Exp075579,PSIP1,BRCA-rich,25.12765122
Exp076174,PSIP1,BRCA-rich,26.30521642
Exp079242,PSIP1,BRCA-rich,25.01673821
Exp078934,PSIP1,BRCA-rich,25.36373962
Exp078937,PSIP1,BRCA-rich,26.29945846
Exp078940,PSIP1,BRCA-rich,25.09625079
Exp078943,PSIP1,BRCA-rich,25.3614958
Exp078960,PSIP1,BRCA-rich,24.27510475
Exp078992,PSIP1,BRCA-rich,24.58954042
Exp078996,PSIP1,BRCA-rich,25.52957539
Exp079002,PSIP1,BRCA-rich,23.31165537
Exp079004,PSIP1,BRCA-rich,23.14249138
Exp079014,PSIP1,BRCA-rich,23.94687974
Exp079017,PSIP1,BRCA-rich,24.51534771
Exp079022,PSIP1,BRCA-rich,25.37962917
Exp079043,PSIP1,BRCA-rich,22.89115501
Exp079044,PSIP1,BRCA-rich,25.02620658
Exp079068,PSIP1,BRCA-rich,23.49200846
Exp079069,PSIP1,BRCA-rich,24.40198439
Exp079121,PSIP1,BRCA-rich,24.02223308
Exp079131,PSIP1,BRCA-rich,23.99775626
Exp079139,PSIP1,BRCA-rich,25.40520046
Exp079151,PSIP1,BRCA-rich,23.68253088
Exp081468,PSIP1,BRCA-rich,25.77490728
Exp079238,PSIP1,BRCA-rich,24.71675441
Exp083942,PSIP1,BRCA-rich,22.69096927
Exp083943,PSIP1,BRCA-rich,24.31538344
Exp083947,PSIP1,BRCA-rich,22.9129527
Exp087462,PSIP1,BRCA-rich,23.51344792
Exp081504,PSIP1,BRCA-rich,26.07055797
Exp081508,PSIP1,BRCA-rich,24.33825845
Exp081518,PSIP1,BRCA-rich,25.29186676
Exp081523,PSIP1,BRCA-rich,23.58408679
Exp081542,PSIP1,BRCA-rich,24.57135974
Exp081562,PSIP1,BRCA-rich,24.56584914
Exp081592,PSIP1,BRCA-rich,23.52302051
Exp081597,PSIP1,BRCA-rich,25.29901699
Exp081621,PSIP1,BRCA-rich,24.78129842
Exp081683,PSIP1,BRCA-rich,23.03660441
Exp081691,PSIP1,BRCA-rich,22.10998061
Exp082774,PSIP1,BRCA-rich,23.36586319
Exp082779,PSIP1,BRCA-rich,23.78088594
Exp082820,PSIP1,BRCA-rich,22.0380643
Exp082826,PSIP1,BRCA-rich,22.746583
Exp082837,PSIP1,BRCA-rich,21.58206208
Exp082838,PSIP1,BRCA-rich,22.24622352
Exp082843,PSIP1,BRCA-rich,21.30072792
Exp082856,PSIP1,BRCA-rich,22.34370532
Exp082865,PSIP1,BRCA-rich,21.18583002
Exp082870,PSIP1,BRCA-rich,21.42763963
Exp075580,PSIP1,BRCA-rich,24.98126661
Exp082981,PSIP1,BRCA-rich,21.73908348
Exp082985,PSIP1,BRCA-rich,22.30428383
Exp082986,PSIP1,BRCA-rich,22.70264717
Exp082988,PSIP1,BRCA-rich,22.91297351
Exp082989,PSIP1,BRCA-rich,22.09137569
Exp082991,PSIP1,BRCA-rich,23.37018346
Exp082994,PSIP1,BRCA-rich,23.13724578
Exp082996,PSIP1,BRCA-rich,22.84839756
Exp082997,PSIP1,BRCA-rich,23.05701242
Exp082998,PSIP1,BRCA-rich,22.15231556
Exp082999,PSIP1,BRCA-rich,22.84491253
Exp083000,PSIP1,BRCA-rich,23.23410091
Exp083001,PSIP1,BRCA-rich,23.41619654
Exp083002,PSIP1,BRCA-rich,21.9589981
Exp083004,PSIP1,BRCA-rich,22.3808143
Exp083005,PSIP1,BRCA-rich,23.2128709
Exp083006,PSIP1,BRCA-rich,23.76848665
Exp083008,PSIP1,BRCA-rich,23.68025354
Exp083926,PSIP1,BRCA-rich,22.2652582
Exp083929,PSIP1,BRCA-rich,22.7080722
Exp083930,PSIP1,BRCA-rich,22.51784641
Exp083940,PSIP1,BRCA-rich,22.47748619
Exp083944,PSIP1,BRCA-rich,22.60395846
Exp083945,PSIP1,BRCA-rich,23.0634756
Exp083946,PSIP1,BRCA-rich,22.47900195
Exp083948,PSIP1,BRCA-rich,22.65256857
Exp083949,PSIP1,BRCA-rich,23.65452188
Exp083950,PSIP1,BRCA-rich,23.36480922
Exp083953,PSIP1,BRCA-rich,23.17745939
Exp083963,PSIP1,BRCA-rich,22.51511279
Exp087359,PSIP1,BRCA-rich,24.53274953
Exp083941,PSIP1,BRCA-rich,21.99691532
Exp087364,PSIP1,BRCA-rich,25.07370646
Exp087417,PSIP1,BRCA-rich,24.53492353
Exp087419,PSIP1,BRCA-rich,23.54724396
Exp087424,PSIP1,BRCA-rich,24.19792278
Exp087430,PSIP1,BRCA-rich,23.80908266
Exp087447,PSIP1,BRCA-rich,22.93820291
Exp087456,PSIP1,BRCA-rich,22.30535374
Exp087461,PSIP1,BRCA-rich,23.32217195
Exp087475,PSIP1,BRCA-rich,23.37730943
Exp075590,PSIP1,Digestive-rich,25.01372932
Exp078932,PSIP1,Digestive-rich,25.4722855
Exp078939,PSIP1,Digestive-rich,26.41239108
Exp078942,PSIP1,Digestive-rich,26.16806119
Exp078957,PSIP1,Digestive-rich,26.05705468
Exp078962,PSIP1,Digestive-rich,25.70733159
Exp078963,PSIP1,Digestive-rich,25.6501604
Exp078964,PSIP1,Digestive-rich,26.18369372
Exp078969,PSIP1,Digestive-rich,25.36024028
Exp078972,PSIP1,Digestive-rich,26.48998183
Exp078978,PSIP1,Digestive-rich,25.73950689
Exp078979,PSIP1,Digestive-rich,25.62268114
Exp078982,PSIP1,Digestive-rich,25.80942619
Exp078983,PSIP1,Digestive-rich,25.40236774
Exp078984,PSIP1,Digestive-rich,26.45043824
Exp078988,PSIP1,Digestive-rich,25.72930563
Exp078991,PSIP1,Digestive-rich,26.36707514
Exp078994,PSIP1,Digestive-rich,26.24617058
Exp079005,PSIP1,Digestive-rich,24.97233555
Exp079025,PSIP1,Digestive-rich,24.82705281
Exp079028,PSIP1,Digestive-rich,23.68818413
Exp079029,PSIP1,Digestive-rich,25.74807027
Exp079033,PSIP1,Digestive-rich,24.82851488
Exp079037,PSIP1,Digestive-rich,24.69620672
Exp079047,PSIP1,Digestive-rich,24.7408055
Exp079053,PSIP1,Digestive-rich,25.4376521
Exp079057,PSIP1,Digestive-rich,26.17371066
Exp079090,PSIP1,Digestive-rich,26.22556932
Exp079101,PSIP1,Digestive-rich,26.25970742
Exp079112,PSIP1,Digestive-rich,23.55562578
Exp079119,PSIP1,Digestive-rich,24.69809483
Exp079138,PSIP1,Digestive-rich,24.93646601
Exp079141,PSIP1,Digestive-rich,25.6013415
Exp079143,PSIP1,Digestive-rich,24.17707035
Exp079150,PSIP1,Digestive-rich,25.6918463
Exp079171,PSIP1,Digestive-rich,25.80240534
Exp079176,PSIP1,Digestive-rich,24.75251305
Exp079185,PSIP1,Digestive-rich,22.43376167
Exp079186,PSIP1,Digestive-rich,22.72612718
Exp079190,PSIP1,Digestive-rich,22.19334533
Exp079193,PSIP1,Digestive-rich,25.22403304
Exp079195,PSIP1,Digestive-rich,24.76259299
Exp079197,PSIP1,Digestive-rich,25.15480241
Exp079199,PSIP1,Digestive-rich,24.94291839
Exp079202,PSIP1,Digestive-rich,24.89311514
Exp079204,PSIP1,Digestive-rich,24.68965775
Exp079206,PSIP1,Digestive-rich,25.02270412
Exp079208,PSIP1,Digestive-rich,24.86918807
Exp079213,PSIP1,Digestive-rich,22.99715116
Exp079217,PSIP1,Digestive-rich,24.35911282
Exp079218,PSIP1,Digestive-rich,23.9718506
Exp079229,PSIP1,Digestive-rich,25.25275578
Exp079230,PSIP1,Digestive-rich,25.54254242
Exp079240,PSIP1,Digestive-rich,25.53309712
Exp079241,PSIP1,Digestive-rich,24.06544087
Exp079252,PSIP1,Digestive-rich,26.2271878
Exp079257,PSIP1,Digestive-rich,25.46063859
Exp079261,PSIP1,Digestive-rich,24.63184157
Exp079263,PSIP1,Digestive-rich,25.5993268
Exp079269,PSIP1,Digestive-rich,25.24241633
Exp079270,PSIP1,Digestive-rich,25.05519298
Exp079272,PSIP1,Digestive-rich,24.84983394
Exp079279,PSIP1,Digestive-rich,25.44309543
Exp079289,PSIP1,Digestive-rich,25.02727924
Exp079293,PSIP1,Digestive-rich,26.29222772
Exp079307,PSIP1,Digestive-rich,23.23158833
Exp079164,PSIP1,Digestive-rich,26.73214844
Exp079173,PSIP1,Digestive-rich,25.4974702
Exp079184,PSIP1,Digestive-rich,22.29074699
Exp079212,PSIP1,Digestive-rich,24.56252854
Exp081471,PSIP1,Digestive-rich,25.6960136
Exp079224,PSIP1,Digestive-rich,25.02832783
Exp079228,PSIP1,Digestive-rich,24.75480785
Exp079250,PSIP1,Digestive-rich,25.66851517
Exp079258,PSIP1,Digestive-rich,25.30714177
Exp081480,PSIP1,Digestive-rich,26.5469965
Exp081481,PSIP1,Digestive-rich,26.09952228
Exp081483,PSIP1,Digestive-rich,26.15972553
Exp081484,PSIP1,Digestive-rich,25.15444139
Exp079264,PSIP1,Digestive-rich,25.97529119
Exp079268,PSIP1,Digestive-rich,26.540953
Exp081490,PSIP1,Digestive-rich,26.13165476
Exp079297,PSIP1,Digestive-rich,25.54170822
Exp081498,PSIP1,Digestive-rich,24.74851556
Exp081510,PSIP1,Digestive-rich,25.14142349
Exp081512,PSIP1,Digestive-rich,25.64277158
Exp081513,PSIP1,Digestive-rich,25.71202829
Exp081516,PSIP1,Digestive-rich,25.15060926
Exp081517,PSIP1,Digestive-rich,25.45626026
Exp081527,PSIP1,Digestive-rich,26.30537655
Exp081532,PSIP1,Digestive-rich,25.79707201
Exp081534,PSIP1,Digestive-rich,23.29916383
Exp081538,PSIP1,Digestive-rich,24.72042652
Exp081541,PSIP1,Digestive-rich,25.99713796
Exp081554,PSIP1,Digestive-rich,21.15082322
Exp081560,PSIP1,Digestive-rich,25.65285051
Exp081564,PSIP1,Digestive-rich,25.77145298
Exp081567,PSIP1,Digestive-rich,25.59859325
Exp081568,PSIP1,Digestive-rich,24.73514751
Exp081569,PSIP1,Digestive-rich,25.4182261
Exp081572,PSIP1,Digestive-rich,25.65819931
Exp081573,PSIP1,Digestive-rich,25.6217864
Exp081579,PSIP1,Digestive-rich,26.76129572
Exp079299,PSIP1,Digestive-rich,25.90671455
Exp081475,PSIP1,Digestive-rich,25.10289403
Exp081487,PSIP1,Digestive-rich,26.39725119
Exp081587,PSIP1,Digestive-rich,25.51533096
Exp081584,PSIP1,Digestive-rich,25.31205082
Exp081600,PSIP1,Digestive-rich,26.18720076
Exp083959,PSIP1,Digestive-rich,24.54750851
Exp087310,PSIP1,Digestive-rich,26.23241541
Exp087314,PSIP1,Digestive-rich,24.9940638
Exp087323,PSIP1,Digestive-rich,24.67354969
Exp081676,PSIP1,Digestive-rich,24.31743872
Exp081690,PSIP1,Digestive-rich,24.12506044
Exp082718,PSIP1,Digestive-rich,24.56432712
Exp082900,PSIP1,Digestive-rich,22.48607461
Exp081677,PSIP1,Digestive-rich,24.84826679
Exp081680,PSIP1,Digestive-rich,24.79750711
Exp081685,PSIP1,Digestive-rich,23.99514341
Exp082754,PSIP1,Digestive-rich,25.81218056
Exp082756,PSIP1,Digestive-rich,26.18118523
Exp082761,PSIP1,Digestive-rich,25.55700539
Exp082780,PSIP1,Digestive-rich,25.01438929
Exp082790,PSIP1,Digestive-rich,23.64501409
Exp082797,PSIP1,Digestive-rich,24.40723816
Exp082801,PSIP1,Digestive-rich,22.84652855
Exp082823,PSIP1,Digestive-rich,24.16213364
Exp082831,PSIP1,Digestive-rich,23.21508194
Exp082846,PSIP1,Digestive-rich,25.11189742
Exp082848,PSIP1,Digestive-rich,22.6865811
Exp082886,PSIP1,Digestive-rich,24.55000041
Exp082712,PSIP1,Digestive-rich,24.69744724
Exp087343,PSIP1,Digestive-rich,26.45972077
Exp082930,PSIP1,Digestive-rich,24.09893759
Exp074390,PSIP1,Digestive-rich,24.42815118
Exp082935,PSIP1,Digestive-rich,22.11491454
Exp082938,PSIP1,Digestive-rich,23.1595758
Exp075581,PSIP1,Digestive-rich,25.83574744
Exp082949,PSIP1,Digestive-rich,22.75121823
Exp082951,PSIP1,Digestive-rich,23.84597708
Exp082957,PSIP1,Digestive-rich,23.23950125
Exp082958,PSIP1,Digestive-rich,23.69530389
Exp082964,PSIP1,Digestive-rich,23.25864443
Exp082967,PSIP1,Digestive-rich,22.42795518
Exp075585,PSIP1,Digestive-rich,26.83480654
Exp082972,PSIP1,Digestive-rich,22.61108229
Exp082974,PSIP1,Digestive-rich,22.14751504
Exp082975,PSIP1,Digestive-rich,22.31348888
Exp082977,PSIP1,Digestive-rich,22.91084596
Exp082987,PSIP1,Digestive-rich,23.17447103
Exp082992,PSIP1,Digestive-rich,21.80728346
Exp082993,PSIP1,Digestive-rich,23.8556109
Exp083917,PSIP1,Digestive-rich,23.4416682
Exp083921,PSIP1,Digestive-rich,22.93893704
Exp083952,PSIP1,Digestive-rich,24.95756667
Exp083954,PSIP1,Digestive-rich,23.49619991
Exp083955,PSIP1,Digestive-rich,22.11525878
Exp083957,PSIP1,Digestive-rich,23.70465192
Exp083958,PSIP1,Digestive-rich,24.01630037
Exp079281,PSIP1,Digestive-rich,26.83347862
Exp083968,PSIP1,Digestive-rich,26.08030439
Exp087300,PSIP1,Digestive-rich,25.70899951
Exp079291,PSIP1,Digestive-rich,25.97245808
Exp087315,PSIP1,Digestive-rich,24.91969295
Exp087320,PSIP1,Digestive-rich,26.06715236
Exp087322,PSIP1,Digestive-rich,24.36376626
Exp087325,PSIP1,Digestive-rich,25.13112109
Exp087326,PSIP1,Digestive-rich,25.94025106
Exp087331,PSIP1,Digestive-rich,26.28881548
Exp087335,PSIP1,Digestive-rich,26.1433618
Exp087340,PSIP1,Digestive-rich,25.57731564
Exp083007,PSIP1,Digestive-rich,22.77335656
Exp087346,PSIP1,Digestive-rich,24.90429588
Exp087347,PSIP1,Digestive-rich,24.39326068
Exp083009,PSIP1,Digestive-rich,23.39416409
Exp087353,PSIP1,Digestive-rich,24.49146816
Exp087360,PSIP1,Digestive-rich,24.01028599
Exp087369,PSIP1,Digestive-rich,24.35433895
Exp087406,PSIP1,Digestive-rich,23.4582122
Exp087311,PSIP1,Digestive-rich,25.02183235
Exp087418,PSIP1,Digestive-rich,24.24586631
Exp087420,PSIP1,Digestive-rich,25.73217551
Exp087422,PSIP1,Digestive-rich,23.61687286
Exp087428,PSIP1,Digestive-rich,24.16058345
Exp087429,PSIP1,Digestive-rich,24.96622801
Exp087361,PSIP1,Digestive-rich,23.28744926
Exp087425,PSIP1,Digestive-rich,23.3403865
Exp087446,PSIP1,Digestive-rich,24.57426978
Exp087448,PSIP1,Digestive-rich,24.19011334
Exp087442,PSIP1,Digestive-rich,24.0746262
Exp087450,PSIP1,Digestive-rich,23.58134904
Exp087451,PSIP1,Digestive-rich,24.23012958
Exp087454,PSIP1,Digestive-rich,23.85197148
Exp087457,PSIP1,Digestive-rich,24.67981309
Exp087449,PSIP1,Digestive-rich,23.84611061
Exp074382,PSIP1,Lung-rich,23.92078992
Exp079147,PSIP1,Lung-rich,26.32891707
Exp074395,PSIP1,Lung-rich,24.94499855
Exp079182,PSIP1,Lung-rich,23.74948187
Exp075587,PSIP1,Lung-rich,26.15443365
Exp079194,PSIP1,Lung-rich,24.2182812
Exp075591,PSIP1,Lung-rich,25.27789933
Exp076198,PSIP1,Lung-rich,25.59038843
Exp078953,PSIP1,Lung-rich,26.26056225
Exp078958,PSIP1,Lung-rich,25.43039066
Exp078961,PSIP1,Lung-rich,24.66557288
Exp078965,PSIP1,Lung-rich,25.38362631
Exp078985,PSIP1,Lung-rich,25.70114165
Exp078989,PSIP1,Lung-rich,24.41059448
Exp079018,PSIP1,Lung-rich,25.0032534
Exp079030,PSIP1,Lung-rich,23.04793499
Exp079031,PSIP1,Lung-rich,24.60255616
Exp079046,PSIP1,Lung-rich,25.43257549
Exp079049,PSIP1,Lung-rich,24.97782242
Exp079050,PSIP1,Lung-rich,24.71889678
Exp079051,PSIP1,Lung-rich,26.20842204
Exp079052,PSIP1,Lung-rich,24.41014649
Exp079054,PSIP1,Lung-rich,25.58787975
Exp079056,PSIP1,Lung-rich,25.47550878
Exp079075,PSIP1,Lung-rich,24.93792727
Exp079079,PSIP1,Lung-rich,22.83544038
Exp079081,PSIP1,Lung-rich,22.62752876
Exp079084,PSIP1,Lung-rich,24.08438678
Exp079085,PSIP1,Lung-rich,25.11436041
Exp079087,PSIP1,Lung-rich,23.50891924
Exp079120,PSIP1,Lung-rich,25.41672129
Exp079128,PSIP1,Lung-rich,23.82775128
Exp079140,PSIP1,Lung-rich,25.74260302
Exp079145,PSIP1,Lung-rich,22.94882877
Exp079163,PSIP1,Lung-rich,24.51086338
Exp079298,PSIP1,Lung-rich,25.01394396
Exp081465,PSIP1,Lung-rich,25.23560943
Exp079207,PSIP1,Lung-rich,25.16453287
Exp081472,PSIP1,Lung-rich,25.91180962
Exp081486,PSIP1,Lung-rich,25.22309616
Exp081493,PSIP1,Lung-rich,25.95335239
Exp079260,PSIP1,Lung-rich,24.61589137
Exp082947,PSIP1,Lung-rich,21.59373411
Exp079265,PSIP1,Lung-rich,25.29642178
Exp079273,PSIP1,Lung-rich,25.39072569
Exp079285,PSIP1,Lung-rich,25.62868828
Exp079294,PSIP1,Lung-rich,24.86974731
Exp087349,PSIP1,Lung-rich,25.25834255
Exp081485,PSIP1,Lung-rich,25.02536266
Exp081489,PSIP1,Lung-rich,25.94760056
Exp081495,PSIP1,Lung-rich,24.79004973
Exp081497,PSIP1,Lung-rich,25.16266301
Exp081501,PSIP1,Lung-rich,25.41614962
Exp081502,PSIP1,Lung-rich,24.87842429
Exp081506,PSIP1,Lung-rich,23.82781819
Exp081507,PSIP1,Lung-rich,24.63046211
Exp081546,PSIP1,Lung-rich,22.93450957
Exp081565,PSIP1,Lung-rich,26.34385634
Exp081570,PSIP1,Lung-rich,24.63939332
Exp081574,PSIP1,Lung-rich,24.55177121
Exp081582,PSIP1,Lung-rich,24.4807258
Exp081594,PSIP1,Lung-rich,24.85305705
Exp082777,PSIP1,Lung-rich,24.45356639
Exp082810,PSIP1,Lung-rich,23.77510396
Exp082828,PSIP1,Lung-rich,23.36563787
Exp082839,PSIP1,Lung-rich,22.56693869
Exp082852,PSIP1,Lung-rich,22.56180628
Exp082858,PSIP1,Lung-rich,22.24802799
Exp082936,PSIP1,Lung-rich,23.00727875
Exp082948,PSIP1,Lung-rich,22.82352373
Exp082950,PSIP1,Lung-rich,23.29806914
Exp082954,PSIP1,Lung-rich,22.76446991
Exp082976,PSIP1,Lung-rich,23.39207581
Exp076179,PSIP1,Lung-rich,25.64207886
Exp076193,PSIP1,Lung-rich,25.10405804
Exp083923,PSIP1,Lung-rich,22.65556533
Exp083951,PSIP1,Lung-rich,23.3618996
Exp083967,PSIP1,Lung-rich,24.57352609
Exp083969,PSIP1,Lung-rich,24.82450215
Exp083970,PSIP1,Lung-rich,24.87110157
Exp083971,PSIP1,Lung-rich,24.87211351
Exp083972,PSIP1,Lung-rich,24.50147672
Exp083973,PSIP1,Lung-rich,23.62287078
Exp083974,PSIP1,Lung-rich,23.45321594
Exp083975,PSIP1,Lung-rich,24.8662994
Exp083976,PSIP1,Lung-rich,25.23759163
Exp083977,PSIP1,Lung-rich,23.82214561
Exp083978,PSIP1,Lung-rich,23.9532856
Exp083979,PSIP1,Lung-rich,24.74519967
Exp083980,PSIP1,Lung-rich,24.5795291
Exp083981,PSIP1,Lung-rich,24.1720868
Exp083982,PSIP1,Lung-rich,22.04147317
Exp083983,PSIP1,Lung-rich,23.48244637
Exp083984,PSIP1,Lung-rich,23.711909
Exp083985,PSIP1,Lung-rich,23.3368485
Exp083986,PSIP1,Lung-rich,23.71908647
Exp083987,PSIP1,Lung-rich,24.05546818
Exp083988,PSIP1,Lung-rich,23.15927046
Exp083989,PSIP1,Lung-rich,23.5662385
Exp087308,PSIP1,Lung-rich,24.63692552
Exp087309,PSIP1,Lung-rich,25.16228511
Exp087313,PSIP1,Lung-rich,25.80814401
Exp087316,PSIP1,Lung-rich,25.74830639
Exp087327,PSIP1,Lung-rich,24.54716043
Exp087342,PSIP1,Lung-rich,25.817396
Exp087351,PSIP1,Lung-rich,24.54590856
Exp087389,PSIP1,Lung-rich,23.68264028
Exp087427,PSIP1,Lung-rich,23.52632103
Exp072650,PSIP1,Mixed,21.39088477
Exp079162,PSIP1,Mixed,23.42033581
Exp079177,PSIP1,Mixed,24.4474318
Exp079183,PSIP1,Mixed,22.83522258
Exp079210,PSIP1,Mixed,24.05693744
Exp078948,PSIP1,Mixed,25.36532983
Exp078949,PSIP1,Mixed,26.24211155
Exp078950,PSIP1,Mixed,25.11881275
Exp078955,PSIP1,Mixed,24.94523449
Exp078956,PSIP1,Mixed,26.11581161
Exp078966,PSIP1,Mixed,25.27705543
Exp078976,PSIP1,Mixed,24.59062599
Exp078977,PSIP1,Mixed,24.20522308
Exp078981,PSIP1,Mixed,25.15549689
Exp078986,PSIP1,Mixed,25.65902856
Exp078993,PSIP1,Mixed,23.71245408
Exp078995,PSIP1,Mixed,25.39880745
Exp078997,PSIP1,Mixed,24.91317835
Exp078998,PSIP1,Mixed,24.11148665
Exp079000,PSIP1,Mixed,24.9730987
Exp079009,PSIP1,Mixed,25.41548453
Exp079010,PSIP1,Mixed,23.97068751
Exp079021,PSIP1,Mixed,25.97284918
Exp079023,PSIP1,Mixed,25.04035227
Exp079026,PSIP1,Mixed,23.39717182
Exp079027,PSIP1,Mixed,23.62278845
Exp079041,PSIP1,Mixed,24.46701815
Exp079042,PSIP1,Mixed,22.40617427
Exp079045,PSIP1,Mixed,22.77112943
Exp079077,PSIP1,Mixed,24.178147
Exp079080,PSIP1,Mixed,22.62671908
Exp079083,PSIP1,Mixed,23.73232355
Exp079109,PSIP1,Mixed,23.24380331
Exp079114,PSIP1,Mixed,25.35709204
Exp079117,PSIP1,Mixed,24.2878964
Exp079118,PSIP1,Mixed,24.80465783
Exp079122,PSIP1,Mixed,22.09181338
Exp079127,PSIP1,Mixed,22.78827943
Exp079130,PSIP1,Mixed,23.3978855
Exp079246,PSIP1,Mixed,24.80320085
Exp079144,PSIP1,Mixed,23.84413988
Exp079159,PSIP1,Mixed,25.41187086
Exp079168,PSIP1,Mixed,25.07192154
Exp079286,PSIP1,Mixed,25.50571012
Exp079189,PSIP1,Mixed,20.95946451
Exp079196,PSIP1,Mixed,24.39148119
Exp081474,PSIP1,Mixed,24.8734397
Exp081479,PSIP1,Mixed,25.01542789
Exp079219,PSIP1,Mixed,20.85645972
Exp079222,PSIP1,Mixed,25.46368967
Exp079223,PSIP1,Mixed,23.33664907
Exp081583,PSIP1,Mixed,23.70972823
Exp079245,PSIP1,Mixed,25.08580038
Exp081612,PSIP1,Mixed,26.15161955
Exp082929,PSIP1,Mixed,21.82623801
Exp079254,PSIP1,Mixed,25.02600547
Exp079282,PSIP1,Mixed,24.2908867
Exp087319,PSIP1,Mixed,24.86728214
Exp079295,PSIP1,Mixed,24.80740821
Exp079306,PSIP1,Mixed,24.26676834
Exp081457,PSIP1,Mixed,22.90196379
Exp081469,PSIP1,Mixed,23.36173978
Exp081477,PSIP1,Mixed,24.63697875
Exp081478,PSIP1,Mixed,25.01372253
Exp081488,PSIP1,Mixed,24.06111234
Exp081491,PSIP1,Mixed,25.68349849
Exp081492,PSIP1,Mixed,24.9962615
Exp081494,PSIP1,Mixed,24.08155463
Exp081500,PSIP1,Mixed,24.32859757
Exp081503,PSIP1,Mixed,25.12623518
Exp081511,PSIP1,Mixed,23.99534238
Exp081514,PSIP1,Mixed,24.88435207
Exp081519,PSIP1,Mixed,25.04115653
Exp081520,PSIP1,Mixed,24.68367693
Exp081521,PSIP1,Mixed,24.98003801
Exp081522,PSIP1,Mixed,24.84218132
Exp081524,PSIP1,Mixed,25.40786569
Exp081529,PSIP1,Mixed,24.43883123
Exp081530,PSIP1,Mixed,24.40464979
Exp081531,PSIP1,Mixed,24.88971287
Exp081533,PSIP1,Mixed,24.99187596
Exp081544,PSIP1,Mixed,24.23800257
Exp081559,PSIP1,Mixed,25.41800664
Exp081566,PSIP1,Mixed,25.59859325
Exp081571,PSIP1,Mixed,25.03086778
Exp081578,PSIP1,Mixed,23.88014773
Exp081589,PSIP1,Mixed,23.8377896
Exp081593,PSIP1,Mixed,23.81875623
Exp081595,PSIP1,Mixed,25.25535075
Exp081596,PSIP1,Mixed,25.22998664
Exp081598,PSIP1,Mixed,24.78761219
Exp081602,PSIP1,Mixed,25.44058784
Exp081603,PSIP1,Mixed,23.82959834
Exp081604,PSIP1,Mixed,25.90670265
Exp081605,PSIP1,Mixed,24.66656203
Exp081606,PSIP1,Mixed,24.58394766
Exp081608,PSIP1,Mixed,24.5406185
Exp081609,PSIP1,Mixed,24.53940619
Exp081610,PSIP1,Mixed,24.65993627
Exp081611,PSIP1,Mixed,24.10239599
Exp081613,PSIP1,Mixed,24.58046828
Exp081614,PSIP1,Mixed,25.42041649
Exp081615,PSIP1,Mixed,24.05440365
Exp081616,PSIP1,Mixed,25.4736842
Exp081617,PSIP1,Mixed,25.42031474
Exp081618,PSIP1,Mixed,25.2039
Exp081619,PSIP1,Mixed,24.69158099
Exp081682,PSIP1,Mixed,24.54104031
Exp081688,PSIP1,Mixed,22.19102709
Exp082755,PSIP1,Mixed,26.08159575
Exp082757,PSIP1,Mixed,25.05375376
Exp082760,PSIP1,Mixed,24.88654452
Exp082763,PSIP1,Mixed,23.69675472
Exp082764,PSIP1,Mixed,22.67325142
Exp082765,PSIP1,Mixed,22.66814043
Exp082766,PSIP1,Mixed,23.92184275
Exp082769,PSIP1,Mixed,23.7551838
Exp082784,PSIP1,Mixed,24.09152072
Exp082785,PSIP1,Mixed,22.96896056
Exp082787,PSIP1,Mixed,22.75918052
Exp082792,PSIP1,Mixed,23.50128253
Exp082794,PSIP1,Mixed,22.64598791
Exp082796,PSIP1,Mixed,22.85137803
Exp082798,PSIP1,Mixed,23.81665398
Exp082805,PSIP1,Mixed,22.75143254
Exp082824,PSIP1,Mixed,22.50477208
Exp082855,PSIP1,Mixed,22.62928531
Exp082864,PSIP1,Mixed,21.37801538
Exp082891,PSIP1,Mixed,21.89496297
Exp082983,PSIP1,Mixed,22.37635564
Exp079227,PSIP1,Mixed,25.19752438
Exp087295,PSIP1,Mixed,24.09310524
Exp087299,PSIP1,Mixed,25.88114892
Exp087305,PSIP1,Mixed,24.42435172
Exp087306,PSIP1,Mixed,24.09543502
Exp087307,PSIP1,Mixed,24.30866397
Exp087317,PSIP1,Mixed,24.13099249
Exp087318,PSIP1,Mixed,23.26732825
Exp087321,PSIP1,Mixed,24.85343247
Exp087328,PSIP1,Mixed,24.73697082
Exp087330,PSIP1,Mixed,25.4306708
Exp087356,PSIP1,Mixed,24.36429709
Exp087378,PSIP1,Mixed,23.52069891
Exp087437,PSIP1,Mixed,20.7519586
Exp087441,PSIP1,Mixed,22.70976032
Exp087444,PSIP1,Mixed,22.88018577
Exp087452,PSIP1,Mixed,24.31794269
Exp087458,PSIP1,Mixed,24.49688797
Exp089258,PSIP1,Mixed,24.76948003
Exp072648,PSIP1,Reproductive-rich,21.2868668
Exp075582,PSIP1,Reproductive-rich,25.36097515
Exp076158,PSIP1,Reproductive-rich,20.14706287
Exp078987,PSIP1,Reproductive-rich,25.27916287
Exp078990,PSIP1,Reproductive-rich,25.13920077
Exp078999,PSIP1,Reproductive-rich,24.58651852
Exp079003,PSIP1,Reproductive-rich,25.1668019
Exp079006,PSIP1,Reproductive-rich,25.0881637
Exp079007,PSIP1,Reproductive-rich,26.16978467
Exp079008,PSIP1,Reproductive-rich,24.56899358
Exp079011,PSIP1,Reproductive-rich,24.43763411
Exp079012,PSIP1,Reproductive-rich,24.30622555
Exp079020,PSIP1,Reproductive-rich,24.9121542
Exp079086,PSIP1,Reproductive-rich,25.11419219
Exp079088,PSIP1,Reproductive-rich,24.71657904
Exp079089,PSIP1,Reproductive-rich,21.18363769
Exp079095,PSIP1,Reproductive-rich,21.55720728
Exp079096,PSIP1,Reproductive-rich,23.99369368
Exp079097,PSIP1,Reproductive-rich,24.89181901
Exp079099,PSIP1,Reproductive-rich,23.66050611
Exp079102,PSIP1,Reproductive-rich,24.99283441
Exp079103,PSIP1,Reproductive-rich,24.68925267
Exp079107,PSIP1,Reproductive-rich,25.39686898
Exp079108,PSIP1,Reproductive-rich,18.84582845
Exp079134,PSIP1,Reproductive-rich,23.57261717
Exp079137,PSIP1,Reproductive-rich,22.6875788
Exp079175,PSIP1,Reproductive-rich,24.59878565
Exp079179,PSIP1,Reproductive-rich,24.13817767
Exp079203,PSIP1,Reproductive-rich,24.35524144
Exp079231,PSIP1,Reproductive-rich,19.64615919
Exp081591,PSIP1,Reproductive-rich,24.79759634
Exp079248,PSIP1,Reproductive-rich,23.64017181
Exp083924,PSIP1,Reproductive-rich,22.79617589
Exp079274,PSIP1,Reproductive-rich,24.30995118
Exp079276,PSIP1,Reproductive-rich,24.41117609
Exp079292,PSIP1,Reproductive-rich,24.59785365
Exp079303,PSIP1,Reproductive-rich,23.18784226
Exp081515,PSIP1,Reproductive-rich,24.12796788
Exp081624,PSIP1,Reproductive-rich,19.47256194
Exp081625,PSIP1,Reproductive-rich,22.96986561
Exp081627,PSIP1,Reproductive-rich,17.67123827
Exp081629,PSIP1,Reproductive-rich,24.49007662
Exp081630,PSIP1,Reproductive-rich,18.79355327
Exp081631,PSIP1,Reproductive-rich,21.49405247
Exp081632,PSIP1,Reproductive-rich,19.51263308
Exp081635,PSIP1,Reproductive-rich,19.49813172
Exp081638,PSIP1,Reproductive-rich,19.12615524
Exp081639,PSIP1,Reproductive-rich,17.77230399
Exp081640,PSIP1,Reproductive-rich,19.34771688
Exp081641,PSIP1,Reproductive-rich,18.26167149
Exp081642,PSIP1,Reproductive-rich,18.55910327
Exp081644,PSIP1,Reproductive-rich,18.37687416
Exp081692,PSIP1,Reproductive-rich,19.25609272
Exp082710,PSIP1,Reproductive-rich,17.26582013
Exp082714,PSIP1,Reproductive-rich,24.17767632
Exp082719,PSIP1,Reproductive-rich,24.11859862
Exp081628,PSIP1,Reproductive-rich,17.34236293
Exp081633,PSIP1,Reproductive-rich,14.66670944
Exp081643,PSIP1,Reproductive-rich,18.17271805
Exp081645,PSIP1,Reproductive-rich,18.59360306
Exp082772,PSIP1,Reproductive-rich,19.21569947
Exp082773,PSIP1,Reproductive-rich,19.3698891
Exp082786,PSIP1,Reproductive-rich,23.30587206
Exp082788,PSIP1,Reproductive-rich,22.88732649
Exp082793,PSIP1,Reproductive-rich,23.49345101
Exp082835,PSIP1,Reproductive-rich,21.51723622
Exp082853,PSIP1,Reproductive-rich,18.07195286
Exp082882,PSIP1,Reproductive-rich,21.59499669
Exp082904,PSIP1,Reproductive-rich,17.91947831
Exp082910,PSIP1,Reproductive-rich,20.83362814
Exp082916,PSIP1,Reproductive-rich,17.74069074
Exp082919,PSIP1,Reproductive-rich,19.75433962
Exp074388,PSIP1,Reproductive-rich,22.59075818
Exp082942,PSIP1,Reproductive-rich,20.96419137
Exp075584,PSIP1,Reproductive-rich,25.20380123
Exp075588,PSIP1,Reproductive-rich,24.06256806
Exp075589,PSIP1,Reproductive-rich,24.74491135
Exp082982,PSIP1,Reproductive-rich,22.26056244
Exp083925,PSIP1,Reproductive-rich,22.04781147
Exp083927,PSIP1,Reproductive-rich,21.97245215
Exp083931,PSIP1,Reproductive-rich,21.02050385
Exp083960,PSIP1,Reproductive-rich,18.06496408
Exp087301,PSIP1,Reproductive-rich,24.2770205
Exp079296,PSIP1,Reproductive-rich,23.42058958
Exp082913,PSIP1,Reproductive-rich,22.64144997
Exp082979,PSIP1,Reproductive-rich,22.5282386
Exp087344,PSIP1,Reproductive-rich,24.88867745
Exp087345,PSIP1,Reproductive-rich,25.0429624
Exp087348,PSIP1,Reproductive-rich,23.56297772
Exp087372,PSIP1,Reproductive-rich,22.20216372
Exp087373,PSIP1,Reproductive-rich,23.09496031
Exp087374,PSIP1,Reproductive-rich,24.32737717
Exp087375,PSIP1,Reproductive-rich,22.63989525
Exp087381,PSIP1,Reproductive-rich,22.84555603
Exp087385,PSIP1,Reproductive-rich,23.59106572
Exp087386,PSIP1,Reproductive-rich,23.04382685
Exp087387,PSIP1,Reproductive-rich,21.04629039
Exp087390,PSIP1,Reproductive-rich,22.14953529
Exp087407,PSIP1,Reproductive-rich,19.89199131
Exp087421,PSIP1,Reproductive-rich,20.6425612
Exp087423,PSIP1,Reproductive-rich,22.70442653
Exp087433,PSIP1,Reproductive-rich,22.91474096
Exp087463,PSIP1,Reproductive-rich,23.14564946
Exp087464,PSIP1,Reproductive-rich,23.11770857
Exp087465,PSIP1,Reproductive-rich,21.6564427
Exp087466,PSIP1,Reproductive-rich,23.91904376
Exp087468,PSIP1,Reproductive-rich,23.85282017
Exp087469,PSIP1,Reproductive-rich,21.52284388
Exp087470,PSIP1,Reproductive-rich,22.93855516
Exp087471,PSIP1,Reproductive-rich,23.79218381
Exp074385,PSIP1,Urinary I-rich,24.49302215
Exp075592,PSIP1,Urinary I-rich,25.48948597
Exp075593,PSIP1,Urinary I-rich,25.1055439
Exp076167,PSIP1,Urinary I-rich,24.47627878
Exp078927,PSIP1,Urinary I-rich,25.4335785
Exp078928,PSIP1,Urinary I-rich,24.73618951
Exp078931,PSIP1,Urinary I-rich,25.5173012
Exp078936,PSIP1,Urinary I-rich,26.17434483
Exp078938,PSIP1,Urinary I-rich,25.70653353
Exp078941,PSIP1,Urinary I-rich,25.65576578
Exp078944,PSIP1,Urinary I-rich,26.27546979
Exp078945,PSIP1,Urinary I-rich,24.77027019
Exp078946,PSIP1,Urinary I-rich,25.41062933
Exp078947,PSIP1,Urinary I-rich,24.58685456
Exp078951,PSIP1,Urinary I-rich,24.61114684
Exp078952,PSIP1,Urinary I-rich,25.88035614
Exp078959,PSIP1,Urinary I-rich,26.02409265
Exp078967,PSIP1,Urinary I-rich,26.3434422
Exp078970,PSIP1,Urinary I-rich,25.57545634
Exp078971,PSIP1,Urinary I-rich,25.04784638
Exp078974,PSIP1,Urinary I-rich,26.03573607
Exp078975,PSIP1,Urinary I-rich,26.2693791
Exp079032,PSIP1,Urinary I-rich,25.03509758
Exp079036,PSIP1,Urinary I-rich,23.32963226
Exp079055,PSIP1,Urinary I-rich,25.23467611
Exp079058,PSIP1,Urinary I-rich,25.22879042
Exp079059,PSIP1,Urinary I-rich,24.16733694
Exp079063,PSIP1,Urinary I-rich,24.09017729
Exp079066,PSIP1,Urinary I-rich,25.05966265
Exp079067,PSIP1,Urinary I-rich,26.32369596
Exp079070,PSIP1,Urinary I-rich,25.18315732
Exp079071,PSIP1,Urinary I-rich,26.28004409
Exp079072,PSIP1,Urinary I-rich,24.87800344
Exp079074,PSIP1,Urinary I-rich,24.89938209
Exp079076,PSIP1,Urinary I-rich,26.48645495
Exp079078,PSIP1,Urinary I-rich,26.28633206
Exp079082,PSIP1,Urinary I-rich,23.85605382
Exp079110,PSIP1,Urinary I-rich,25.21663224
Exp079111,PSIP1,Urinary I-rich,24.50502029
Exp079113,PSIP1,Urinary I-rich,26.37259258
Exp079116,PSIP1,Urinary I-rich,24.36197033
Exp079123,PSIP1,Urinary I-rich,24.52858717
Exp079124,PSIP1,Urinary I-rich,25.13780309
Exp079125,PSIP1,Urinary I-rich,26.20278675
Exp079126,PSIP1,Urinary I-rich,25.68868681
Exp079129,PSIP1,Urinary I-rich,24.10847658
Exp079132,PSIP1,Urinary I-rich,25.4487044
Exp079249,PSIP1,Urinary I-rich,24.67890496
Exp079251,PSIP1,Urinary I-rich,25.03714748
Exp079259,PSIP1,Urinary I-rich,24.81445533
Exp079149,PSIP1,Urinary I-rich,26.1123287
Exp079153,PSIP1,Urinary I-rich,25.34308207
Exp079154,PSIP1,Urinary I-rich,24.14515693
Exp079155,PSIP1,Urinary I-rich,25.02962698
Exp079156,PSIP1,Urinary I-rich,25.98127448
Exp079161,PSIP1,Urinary I-rich,23.1452514
Exp079262,PSIP1,Urinary I-rich,25.911976
Exp079267,PSIP1,Urinary I-rich,25.66520042
Exp079165,PSIP1,Urinary I-rich,25.84201516
Exp079167,PSIP1,Urinary I-rich,23.11087936
Exp081460,PSIP1,Urinary I-rich,26.00790594
Exp081464,PSIP1,Urinary I-rich,26.40093729
Exp079205,PSIP1,Urinary I-rich,24.14058238
Exp079216,PSIP1,Urinary I-rich,24.11601172
Exp081585,PSIP1,Urinary I-rich,25.6323157
Exp081590,PSIP1,Urinary I-rich,25.97534462
Exp079247,PSIP1,Urinary I-rich,25.1281525
Exp079255,PSIP1,Urinary I-rich,24.61233868
Exp082931,PSIP1,Urinary I-rich,22.22342257
Exp082934,PSIP1,Urinary I-rich,22.6776318
Exp082946,PSIP1,Urinary I-rich,24.02319842
Exp082955,PSIP1,Urinary I-rich,23.83376643
Exp079266,PSIP1,Urinary I-rich,25.44510915
Exp079271,PSIP1,Urinary I-rich,26.3980187
Exp079278,PSIP1,Urinary I-rich,25.27053494
Exp079290,PSIP1,Urinary I-rich,23.86586109
Exp087334,PSIP1,Urinary I-rich,22.73564846
Exp087352,PSIP1,Urinary I-rich,25.55221647
Exp079300,PSIP1,Urinary I-rich,25.38987465
Exp081459,PSIP1,Urinary I-rich,25.10750252
Exp081461,PSIP1,Urinary I-rich,26.09199945
Exp081462,PSIP1,Urinary I-rich,25.13684129
Exp081463,PSIP1,Urinary I-rich,25.3969485
Exp081466,PSIP1,Urinary I-rich,25.58873457
Exp081470,PSIP1,Urinary I-rich,25.63552459
Exp081476,PSIP1,Urinary I-rich,25.44051205
Exp081482,PSIP1,Urinary I-rich,26.15030304
Exp081496,PSIP1,Urinary I-rich,24.85201357
Exp081499,PSIP1,Urinary I-rich,25.29997475
Exp081505,PSIP1,Urinary I-rich,24.13577973
Exp081536,PSIP1,Urinary I-rich,25.8680181
Exp081537,PSIP1,Urinary I-rich,25.47107869
Exp081539,PSIP1,Urinary I-rich,25.03979375
Exp081540,PSIP1,Urinary I-rich,24.499041
Exp081543,PSIP1,Urinary I-rich,25.03756407
Exp081545,PSIP1,Urinary I-rich,24.52890911
Exp081548,PSIP1,Urinary I-rich,25.28084467
Exp081550,PSIP1,Urinary I-rich,21.79817698
Exp081553,PSIP1,Urinary I-rich,22.2359901
Exp081555,PSIP1,Urinary I-rich,21.33100097
Exp081561,PSIP1,Urinary I-rich,26.06569282
Exp081575,PSIP1,Urinary I-rich,24.53789417
Exp081576,PSIP1,Urinary I-rich,25.75853164
Exp081577,PSIP1,Urinary I-rich,26.03350993
Exp081581,PSIP1,Urinary I-rich,24.51258112
Exp081586,PSIP1,Urinary I-rich,25.21680066
Exp081588,PSIP1,Urinary I-rich,24.74172746
Exp081655,PSIP1,Urinary I-rich,22.96957046
Exp081679,PSIP1,Urinary I-rich,23.26388198
Exp081681,PSIP1,Urinary I-rich,22.6898355
Exp081694,PSIP1,Urinary I-rich,23.45882486
Exp082709,PSIP1,Urinary I-rich,22.41773052
Exp082740,PSIP1,Urinary I-rich,24.30134005
Exp082717,PSIP1,Urinary I-rich,23.36026493
Exp082758,PSIP1,Urinary I-rich,24.11319841
Exp082767,PSIP1,Urinary I-rich,24.15461264
Exp082770,PSIP1,Urinary I-rich,23.997509
Exp082782,PSIP1,Urinary I-rich,23.93889299
Exp082789,PSIP1,Urinary I-rich,24.19602345
Exp082791,PSIP1,Urinary I-rich,22.58396916
Exp082802,PSIP1,Urinary I-rich,23.38500948
Exp082804,PSIP1,Urinary I-rich,23.5590222
Exp082807,PSIP1,Urinary I-rich,24.05912992
Exp082808,PSIP1,Urinary I-rich,23.20176408
Exp082811,PSIP1,Urinary I-rich,23.62616524
Exp082812,PSIP1,Urinary I-rich,23.57642154
Exp082813,PSIP1,Urinary I-rich,22.07513685
Exp082814,PSIP1,Urinary I-rich,22.90194741
Exp082815,PSIP1,Urinary I-rich,23.52659564
Exp082816,PSIP1,Urinary I-rich,23.86302441
Exp082818,PSIP1,Urinary I-rich,23.22016186
Exp082819,PSIP1,Urinary I-rich,23.37723261
Exp082822,PSIP1,Urinary I-rich,23.70053835
Exp082825,PSIP1,Urinary I-rich,23.20982947
Exp082827,PSIP1,Urinary I-rich,22.83563274
Exp082832,PSIP1,Urinary I-rich,24.50528997
Exp082833,PSIP1,Urinary I-rich,22.44276937
Exp082834,PSIP1,Urinary I-rich,23.08243351
Exp082844,PSIP1,Urinary I-rich,23.81362487
Exp082847,PSIP1,Urinary I-rich,24.31558692
Exp082850,PSIP1,Urinary I-rich,21.97149411
Exp082851,PSIP1,Urinary I-rich,23.07926818
Exp082859,PSIP1,Urinary I-rich,22.17205845
Exp082862,PSIP1,Urinary I-rich,21.87102837
Exp082866,PSIP1,Urinary I-rich,22.86362084
Exp082888,PSIP1,Urinary I-rich,22.50499511
Exp082932,PSIP1,Urinary I-rich,20.93752349
Exp082937,PSIP1,Urinary I-rich,22.52381814
Exp082939,PSIP1,Urinary I-rich,24.6384316
Exp082940,PSIP1,Urinary I-rich,22.94314084
Exp082941,PSIP1,Urinary I-rich,22.80649724
Exp082943,PSIP1,Urinary I-rich,24.14049682
Exp082945,PSIP1,Urinary I-rich,21.39872282
Exp082952,PSIP1,Urinary I-rich,23.30966632
Exp082953,PSIP1,Urinary I-rich,22.78650206
Exp082956,PSIP1,Urinary I-rich,22.95836262
Exp082980,PSIP1,Urinary I-rich,23.8629969
Exp079146,PSIP1,Urinary I-rich,24.16661126
Exp079214,PSIP1,Urinary I-rich,24.03822621
Exp079256,PSIP1,Urinary I-rich,24.89957116
Exp083962,PSIP1,Urinary I-rich,24.2112647
Exp087296,PSIP1,Urinary I-rich,24.04452702
Exp087297,PSIP1,Urinary I-rich,24.98121222
Exp087302,PSIP1,Urinary I-rich,25.77875107
Exp087304,PSIP1,Urinary I-rich,25.8127816
Exp079304,PSIP1,Urinary I-rich,20.6971655
Exp087324,PSIP1,Urinary I-rich,25.90696978
Exp087333,PSIP1,Urinary I-rich,25.09373419
Exp087336,PSIP1,Urinary I-rich,25.99300188
Exp087337,PSIP1,Urinary I-rich,25.34263199
Exp087338,PSIP1,Urinary I-rich,26.03771985
Exp087339,PSIP1,Urinary I-rich,26.23012497
Exp087341,PSIP1,Urinary I-rich,26.44273795
Exp087350,PSIP1,Urinary I-rich,25.56874899
Exp087354,PSIP1,Urinary I-rich,24.57835635
Exp087355,PSIP1,Urinary I-rich,25.73066968
Exp087371,PSIP1,Urinary I-rich,24.20331078
Exp087383,PSIP1,Urinary I-rich,22.98876516
Exp087393,PSIP1,Urinary I-rich,22.73853906
Exp087399,PSIP1,Urinary I-rich,22.05985042
Exp087412,PSIP1,Urinary I-rich,22.64225578
Exp087332,PSIP1,Urinary I-rich,24.69421588
Exp079142,PSIP1,Urinary II-rich,23.81374206
Exp076153,PSIP1,Urinary II-rich,23.9906748
Exp078926,PSIP1,Urinary II-rich,24.81499249
Exp078933,PSIP1,Urinary II-rich,25.56802441
Exp078954,PSIP1,Urinary II-rich,24.65856663
Exp078968,PSIP1,Urinary II-rich,24.2368872
Exp078973,PSIP1,Urinary II-rich,24.37697217
Exp079015,PSIP1,Urinary II-rich,23.86030051
Exp079016,PSIP1,Urinary II-rich,23.19933806
Exp079019,PSIP1,Urinary II-rich,22.10698299
Exp079034,PSIP1,Urinary II-rich,23.91625296
Exp079035,PSIP1,Urinary II-rich,21.7950049
Exp079038,PSIP1,Urinary II-rich,23.92447528
Exp079039,PSIP1,Urinary II-rich,25.01950346
Exp079040,PSIP1,Urinary II-rich,24.7632412
Exp079048,PSIP1,Urinary II-rich,23.40033505
Exp079060,PSIP1,Urinary II-rich,24.46197743
Exp079061,PSIP1,Urinary II-rich,25.15743088
Exp079062,PSIP1,Urinary II-rich,24.25699231
Exp079064,PSIP1,Urinary II-rich,23.39303476
Exp079065,PSIP1,Urinary II-rich,23.3284522
Exp079073,PSIP1,Urinary II-rich,23.70184674
Exp079115,PSIP1,Urinary II-rich,20.68542038
Exp079166,PSIP1,Urinary II-rich,23.87538209
Exp079277,PSIP1,Urinary II-rich,25.24137049
Exp079283,PSIP1,Urinary II-rich,25.65807373
Exp079178,PSIP1,Urinary II-rich,24.76515119
Exp079192,PSIP1,Urinary II-rich,25.38112417
Exp079198,PSIP1,Urinary II-rich,23.8052325
Exp079221,PSIP1,Urinary II-rich,24.82675932
Exp079225,PSIP1,Urinary II-rich,23.97493597
Exp079243,PSIP1,Urinary II-rich,22.39434842
Exp079244,PSIP1,Urinary II-rich,23.33757575
Exp081599,PSIP1,Urinary II-rich,25.10564759
Exp081623,PSIP1,Urinary II-rich,25.08006662
Exp079253,PSIP1,Urinary II-rich,25.08636814
Exp082978,PSIP1,Urinary II-rich,21.48641524
Exp079275,PSIP1,Urinary II-rich,25.27676437
Exp079288,PSIP1,Urinary II-rich,27.34286179
Exp087365,PSIP1,Urinary II-rich,22.42029608
Exp087416,PSIP1,Urinary II-rich,23.56659156
Exp079301,PSIP1,Urinary II-rich,25.50758967
Exp087436,PSIP1,Urinary II-rich,19.60517241
Exp081509,PSIP1,Urinary II-rich,23.61228071
Exp081535,PSIP1,Urinary II-rich,25.05423301
Exp081547,PSIP1,Urinary II-rich,24.43511109
Exp081622,PSIP1,Urinary II-rich,24.67883243
Exp082715,PSIP1,Urinary II-rich,23.70722388
Exp082720,PSIP1,Urinary II-rich,24.2117728
Exp082721,PSIP1,Urinary II-rich,24.34981047
Exp082722,PSIP1,Urinary II-rich,24.15811596
Exp082723,PSIP1,Urinary II-rich,23.54384699
Exp082724,PSIP1,Urinary II-rich,23.34927185
Exp082725,PSIP1,Urinary II-rich,23.56090226
Exp082726,PSIP1,Urinary II-rich,23.34002441
Exp082727,PSIP1,Urinary II-rich,23.370135
Exp082729,PSIP1,Urinary II-rich,24.79127702
Exp082730,PSIP1,Urinary II-rich,24.36604975
Exp082731,PSIP1,Urinary II-rich,24.5525607
Exp082732,PSIP1,Urinary II-rich,25.03717841
Exp082733,PSIP1,Urinary II-rich,23.49711982
Exp082735,PSIP1,Urinary II-rich,24.99566974
Exp082736,PSIP1,Urinary II-rich,24.97338588
Exp082738,PSIP1,Urinary II-rich,24.65372231
Exp082741,PSIP1,Urinary II-rich,23.4460698
Exp082743,PSIP1,Urinary II-rich,24.0105951
Exp082744,PSIP1,Urinary II-rich,23.52193046
Exp082745,PSIP1,Urinary II-rich,24.17973613
Exp082747,PSIP1,Urinary II-rich,24.55411882
Exp082748,PSIP1,Urinary II-rich,24.14707804
Exp082749,PSIP1,Urinary II-rich,24.77733905
Exp082751,PSIP1,Urinary II-rich,23.74866213
Exp082737,PSIP1,Urinary II-rich,23.27194685
Exp082742,PSIP1,Urinary II-rich,24.94441215
Exp082746,PSIP1,Urinary II-rich,25.22872215
Exp082752,PSIP1,Urinary II-rich,23.35521189
Exp082753,PSIP1,Urinary II-rich,25.04102581
Exp082759,PSIP1,Urinary II-rich,25.85485517
Exp082762,PSIP1,Urinary II-rich,24.39327648
Exp082768,PSIP1,Urinary II-rich,22.57586247
Exp082781,PSIP1,Urinary II-rich,24.12327202
Exp082795,PSIP1,Urinary II-rich,22.20064845
Exp082799,PSIP1,Urinary II-rich,22.66954832
Exp082800,PSIP1,Urinary II-rich,22.35005566
Exp082803,PSIP1,Urinary II-rich,22.54984313
Exp082806,PSIP1,Urinary II-rich,22.72879978
Exp082829,PSIP1,Urinary II-rich,22.88583309
Exp082840,PSIP1,Urinary II-rich,21.97032781
Exp082871,PSIP1,Urinary II-rich,21.9103896
Exp082990,PSIP1,Urinary II-rich,22.53225726
Exp083922,PSIP1,Urinary II-rich,22.7483611
Exp083928,PSIP1,Urinary II-rich,22.6197032
Exp079236,PSIP1,Urinary II-rich,20.81629307
Exp087312,PSIP1,Urinary II-rich,24.56895425
Exp087366,PSIP1,Urinary II-rich,23.10808543
Exp087376,PSIP1,Urinary II-rich,23.92485758
Exp087380,PSIP1,Urinary II-rich,23.32463691
Exp087388,PSIP1,Urinary II-rich,21.15683363
Exp087415,PSIP1,Urinary II-rich,24.21630015
Exp087431,PSIP1,Urinary II-rich,21.4187659
Exp087432,PSIP1,Urinary II-rich,22.47527066
Exp087435,PSIP1,Urinary II-rich,21.32799251
Exp087459,PSIP1,Urinary II-rich,22.14518337
